client_id,imię,nazwisko,email,nr_telefonu,adres,data_rejestracji
1,Anna,Kowalski,jan.kowalski@demo.com,555-282-367,Ul. Klonowa 83,2024-11-11
2,Anna,Nowak,łukasz.woźniak@test.com,555-596-614,Ul. Sosnowa 53,2024-11-03
3,Piotr,Marciniak,jan.malinowski@demo.com,555-944-480,Ul. Sosnowa 90,2024-11-09
4,Maria,Kowalski,anna.majewska@web.com,555-368-511,Ul. Główna 85,2024-11-01
5,Katarzyna,Majewska,katarzyna.wiśniewski@sample.com,555-726-112,Ul. Akacjowa 26,2024-12-04
6,Maria,Malinowski,jan.kowalski@example.com,555-397-263,Ul. Jasna 5,2024-12-08
7,Katarzyna,Wiśniewski,dominika.woźniak@example.com,555-959-536,Ul. Wiśniowa 54,2024-11-15
8,Mateusz,Majewska,mateusz.zielińska@sample.com,555-931-949,Ul. Spokojna 25,2024-11-04
9,Jan,Marciniak,maria.majewska@example.com,555-445-179,Ul. Główna 8,2024-11-27
10,Łukasz,Nowicka,łukasz.marciniak@sample.com,555-634-476,Ul. Topolowa 27,2024-12-07
11,Łukasz,Nowicka,kinga.nowicka@web.com,555-273-394,Ul. Jasna 46,2024-11-12
12,Kinga,Woźniak,katarzyna.kowalski@demo.com,555-948-861,Ul. Jesionowa 65,2024-11-29
13,Katarzyna,Nowicka,grzegorz.zielińska@sample.com,555-608-107,Ul. Klonowa 51,2024-11-10
14,Kinga,Malinowski,piotr.woźniak@sample.com,555-614-148,Ul. Klonowa 99,2024-11-18
15,Kinga,Nowak,grzegorz.marciniak@sample.com,555-422-829,Ul. Wiśniowa 97,2024-11-28
16,Grzegorz,Wójcik,łukasz.woźniak@test.com,555-575-110,Ul. Klonowa 62,2024-11-05
17,Maria,Marciniak,mateusz.wiśniewski@example.com,555-664-497,Ul. Klonowa 5,2024-11-07
18,Katarzyna,Wiśniewski,kinga.nowak@example.com,555-897-373,Ul. Klonowa 99,2024-11-18
19,Dominika,Majewska,piotr.nowicka@example.com,555-807-142,Ul. Klonowa 4,2024-12-08
20,Anna,Nowak,dominika.majewska@example.com,555-491-406,Ul. Brzozowa 47,2024-12-05
21,Grzegorz,Wójcik,anna.majewska@demo.com,555-310-827,Ul. Jasna 94,2024-11-10
22,Kinga,Kowalski,dominika.wiśniewski@demo.com,555-937-402,Ul. Akacjowa 90,2024-12-03
23,Piotr,Wójcik,dominika.woźniak@web.com,555-286-253,Ul. Spokojna 4,2024-11-10
24,Maria,Wiśniewski,piotr.wójcik@sample.com,555-405-765,Ul. Jesionowa 11,2024-11-01
25,Dominika,Zielińska,dominika.majewska@example.com,555-714-609,Ul. Jesionowa 30,2024-12-06
26,Jan,Wójcik,maria.wiśniewski@web.com,555-402-906,Ul. Sosnowa 80,2024-12-02
27,Dominika,Wójcik,łukasz.malinowski@web.com,555-764-358,Ul. Sosnowa 71,2024-12-08
28,Katarzyna,Majewska,jan.malinowski@example.com,555-264-383,Ul. Główna 37,2024-11-13
29,Łukasz,Wójcik,jan.malinowski@example.com,555-670-840,Ul. Akacjowa 62,2024-11-18
30,Kinga,Zielińska,piotr.nowicka@web.com,555-329-486,Ul. Wiśniowa 2,2024-11-04
31,Katarzyna,Zielińska,maria.woźniak@web.com,555-919-711,Ul. Spokojna 48,2024-11-25
32,Mateusz,Malinowski,dominika.zielińska@web.com,555-610-569,Ul. Spokojna 98,2024-12-08
33,Anna,Nowak,łukasz.kowalski@sample.com,555-622-685,Ul. Wiśniowa 52,2024-11-08
34,Katarzyna,Wójcik,łukasz.nowak@test.com,555-299-529,Ul. Topolowa 60,2024-11-07
35,Grzegorz,Malinowski,łukasz.nowak@sample.com,555-720-561,Ul. Spokojna 82,2024-11-14
36,Katarzyna,Zielińska,dominika.zielińska@web.com,555-472-166,Ul. Dębowa 89,2024-12-06
37,Kinga,Malinowski,łukasz.malinowski@demo.com,555-958-417,Ul. Jesionowa 54,2024-11-03
38,Grzegorz,Wiśniewski,katarzyna.kowalski@web.com,555-492-817,Ul. Brzozowa 11,2024-11-05
39,Łukasz,Wiśniewski,piotr.nowicka@web.com,555-554-773,Ul. Klonowa 8,2024-11-04
40,Anna,Nowak,łukasz.nowak@web.com,555-404-781,Ul. Główna 100,2024-11-28
41,Maria,Zielińska,jan.marciniak@web.com,555-124-830,Ul. Topolowa 69,2024-12-08
42,Grzegorz,Wójcik,katarzyna.kowalski@web.com,555-145-763,Ul. Dębowa 70,2024-12-08
43,Maria,Kowalski,katarzyna.majewska@test.com,555-832-288,Ul. Wiśniowa 10,2024-11-23
44,Kinga,Marciniak,maria.malinowski@web.com,555-822-985,Ul. Spokojna 5,2024-11-26
45,Mateusz,Majewska,mateusz.nowak@test.com,555-335-208,Ul. Brzozowa 19,2024-11-17
46,Maria,Woźniak,mateusz.zielińska@sample.com,555-243-728,Ul. Spokojna 61,2024-11-28
47,Kinga,Kowalski,anna.wiśniewski@sample.com,555-219-945,Ul. Topolowa 39,2024-11-11
48,Jan,Kowalski,mateusz.kowalski@test.com,555-279-227,Ul. Akacjowa 42,2024-11-30
49,Katarzyna,Nowak,grzegorz.marciniak@web.com,555-941-542,Ul. Brzozowa 46,2024-11-23
50,Anna,Majewska,kinga.nowicka@example.com,555-603-562,Ul. Brzozowa 97,2024-12-01
51,Piotr,Woźniak,mateusz.malinowski@sample.com,555-930-707,Ul. Jesionowa 69,2024-12-08
52,Grzegorz,Malinowski,piotr.nowicka@test.com,555-622-295,Ul. Topolowa 43,2024-11-02
53,Piotr,Woźniak,grzegorz.marciniak@demo.com,555-280-385,Ul. Jasna 98,2024-11-01
54,Kinga,Majewska,dominika.nowicka@sample.com,555-346-893,Ul. Brzozowa 50,2024-11-28
55,Dominika,Kowalski,jan.zielińska@demo.com,555-285-461,Ul. Dębowa 55,2024-11-07
56,Kinga,Nowicka,grzegorz.majewska@web.com,555-884-438,Ul. Jesionowa 2,2024-11-03
57,Maria,Zielińska,jan.wójcik@sample.com,555-145-509,Ul. Główna 50,2024-11-14
58,Anna,Nowicka,katarzyna.woźniak@example.com,555-971-713,Ul. Klonowa 46,2024-11-03
59,Maria,Woźniak,dominika.wiśniewski@example.com,555-722-360,Ul. Topolowa 99,2024-11-22
60,Kinga,Nowak,maria.kowalski@demo.com,555-846-672,Ul. Główna 36,2024-11-11
61,Łukasz,Wiśniewski,anna.malinowski@demo.com,555-860-642,Ul. Wiśniowa 37,2024-12-02
62,Grzegorz,Wiśniewski,anna.wójcik@sample.com,555-196-388,Ul. Wiśniowa 76,2024-11-21
63,Jan,Zielińska,dominika.majewska@web.com,555-854-275,Ul. Główna 96,2024-11-16
64,Dominika,Wiśniewski,maria.malinowski@test.com,555-875-747,Ul. Jesionowa 64,2024-11-06
65,Łukasz,Malinowski,mateusz.kowalski@test.com,555-596-322,Ul. Główna 36,2024-11-05
66,Dominika,Wójcik,anna.marciniak@sample.com,555-276-157,Ul. Spokojna 82,2024-11-18
67,Jan,Wiśniewski,łukasz.kowalski@test.com,555-725-148,Ul. Klonowa 44,2024-12-06
68,Jan,Kowalski,łukasz.kowalski@test.com,555-952-773,Ul. Wiśniowa 46,2024-11-29
69,Kinga,Kowalski,anna.nowicka@sample.com,555-543-753,Ul. Jesionowa 47,2024-12-04
70,Piotr,Nowak,jan.kowalski@test.com,555-888-322,Ul. Główna 81,2024-11-23
71,Maria,Malinowski,grzegorz.nowak@example.com,555-180-113,Ul. Wiśniowa 19,2024-11-10
72,Grzegorz,Kowalski,maria.nowicka@web.com,555-534-722,Ul. Wiśniowa 9,2024-11-13
73,Piotr,Nowicka,jan.majewska@example.com,555-621-722,Ul. Klonowa 91,2024-11-04
74,Jan,Malinowski,grzegorz.zielińska@example.com,555-545-954,Ul. Główna 39,2024-11-01
75,Grzegorz,Wiśniewski,katarzyna.woźniak@example.com,555-199-669,Ul. Wiśniowa 87,2024-11-02
76,Anna,Majewska,anna.kowalski@example.com,555-211-116,Ul. Dębowa 34,2024-11-29
77,Grzegorz,Marciniak,grzegorz.majewska@demo.com,555-696-726,Ul. Akacjowa 17,2024-11-02
78,Anna,Marciniak,grzegorz.malinowski@web.com,555-149-937,Ul. Sosnowa 80,2024-11-14
79,Jan,Zielińska,grzegorz.nowak@web.com,555-299-694,Ul. Dębowa 50,2024-11-25
80,Jan,Nowicka,dominika.wiśniewski@sample.com,555-795-284,Ul. Jasna 85,2024-11-06
81,Anna,Nowicka,jan.wiśniewski@example.com,555-669-153,Ul. Akacjowa 64,2024-11-23
82,Katarzyna,Nowak,katarzyna.zielińska@example.com,555-258-503,Ul. Jesionowa 45,2024-11-05
83,Dominika,Malinowski,mateusz.wójcik@test.com,555-423-231,Ul. Jasna 37,2024-11-19
84,Jan,Nowak,kinga.marciniak@test.com,555-157-410,Ul. Topolowa 16,2024-11-24
85,Grzegorz,Zielińska,maria.malinowski@sample.com,555-437-249,Ul. Wiśniowa 74,2024-11-06
86,Łukasz,Wiśniewski,anna.malinowski@example.com,555-357-749,Ul. Klonowa 67,2024-12-01
87,Mateusz,Nowicka,dominika.malinowski@sample.com,555-540-237,Ul. Akacjowa 5,2024-11-13
88,Katarzyna,Woźniak,jan.wójcik@test.com,555-742-100,Ul. Sosnowa 52,2024-11-01
89,Dominika,Kowalski,grzegorz.wiśniewski@test.com,555-719-546,Ul. Sosnowa 44,2024-12-01
90,Łukasz,Malinowski,piotr.wiśniewski@sample.com,555-328-456,Ul. Spokojna 49,2024-11-20
91,Kinga,Nowicka,grzegorz.zielińska@test.com,555-205-501,Ul. Spokojna 40,2024-11-18
92,Jan,Wiśniewski,anna.wójcik@web.com,555-969-764,Ul. Jesionowa 6,2024-11-07
93,Dominika,Wiśniewski,łukasz.marciniak@test.com,555-461-603,Ul. Spokojna 37,2024-12-02
94,Kinga,Nowicka,maria.zielińska@web.com,555-482-765,Ul. Sosnowa 75,2024-11-20
95,Anna,Marciniak,piotr.wiśniewski@sample.com,555-750-220,Ul. Jesionowa 29,2024-12-08
96,Dominika,Nowak,łukasz.wiśniewski@web.com,555-161-588,Ul. Główna 73,2024-12-01
97,Katarzyna,Woźniak,mateusz.marciniak@test.com,555-976-470,Ul. Sosnowa 97,2024-11-12
98,Kinga,Zielińska,dominika.malinowski@web.com,555-494-539,Ul. Brzozowa 66,2024-12-03
99,Jan,Majewska,jan.zielińska@test.com,555-810-198,Ul. Główna 41,2024-11-10
100,Jan,Marciniak,maria.marciniak@demo.com,555-511-943,Ul. Jesionowa 59,2024-11-12
